,wall_time,step,value
0,1574321129.252188,68,0.02199999988079071
1,1574321129.9204772,137,0.014999999664723873
2,1574321130.5934,206,0.010999999940395355
3,1574321131.2574155,275,0.007000000216066837
4,1574321131.9690273,344,0.013000000268220901
5,1574321132.6405008,413,0.017000000923871994
6,1574321133.3174782,482,0.01899999938905239
7,1574321133.9956703,551,0.02199999988079071
8,1574321134.7176704,620,0.01600000075995922
9,1574321135.3958828,689,0.024000000208616257
10,1574321136.0634608,758,0.014999999664723873
11,1574321136.7326427,827,0.014000000432133675
12,1574321137.4376588,896,0.008999999612569809
13,1574321138.1118162,965,0.0
14,1574321138.791903,1034,0.0
15,1574321139.455153,1103,0.004000000189989805
16,1574321140.1735935,1172,0.014000000432133675
17,1574321140.8528833,1241,0.014999999664723873
18,1574321141.52631,1310,0.02199999988079071
19,1574321142.1995084,1379,0.014999999664723873
20,1574321142.918388,1448,0.03999999910593033
21,1574321143.5989816,1517,1.0069999694824219
22,1574321144.2725122,1586,0.026000000536441803
23,1574321144.9445636,1655,0.014999999664723873
24,1574321145.645763,1724,0.020999999716877937
25,1574321146.31798,1793,0.0
26,1574321146.9907768,1862,0.019999999552965164
27,1574321147.6807477,1931,0.028999999165534973
28,1574321148.3966386,2000,0.01899999938905239
29,1574321149.0667536,2069,0.01600000075995922
30,1574321149.7483196,2138,0.017999999225139618
31,1574321150.416854,2207,0.0689999982714653
32,1574321151.1233087,2276,0.004000000189989805
33,1574321151.7851975,2345,0.06800000369548798
34,1574321152.4663897,2414,0.04600000008940697
35,1574321153.1489072,2483,0.0
36,1574321153.8712025,2552,0.01600000075995922
37,1574321154.5459661,2621,0.0689999982714653
38,1574321155.219557,2690,0.0689999982714653
39,1574321155.8999803,2759,0.020999999716877937
40,1574321156.6153836,2828,0.0689999982714653
41,1574321157.2871683,2897,0.028999999165534973
42,1574321157.9596314,2966,0.03799999877810478
43,1574321158.6342027,3035,0.02800000086426735
44,1574321159.353931,3104,0.03999999910593033
45,1574321160.0290036,3173,0.019999999552965164
46,1574321160.7138293,3242,0.02199999988079071
47,1574321161.3702807,3311,0.02199999988079071
48,1574321162.0702753,3380,0.0689999982714653
49,1574321162.7517383,3449,0.0689999982714653
50,1574321163.4272108,3518,0.0689999982714653
51,1574321164.1004097,3587,0.0689999982714653
52,1574321164.816535,3656,0.01600000075995922
53,1574321165.4926052,3725,0.007000000216066837
54,1574321166.1667166,3794,0.009999999776482582
55,1574321166.8429685,3863,0.01600000075995922
56,1574321167.5584104,3932,0.019999999552965164
57,1574321168.2328618,4001,0.06800000369548798
58,1574321168.914243,4070,0.0
59,1574321169.591532,4139,0.0
60,1574321170.3125591,4208,0.0689999982714653
61,1574321170.9755695,4277,0.0689999982714653
62,1574321171.6459434,4346,0.04899999871850014
63,1574321172.3316226,4415,0.008999999612569809
64,1574321173.0522807,4484,0.0689999982714653
65,1574321173.718187,4553,0.019999999552965164
66,1574321174.3817894,4622,0.0689999982714653
67,1574321175.0467317,4691,0.020999999716877937
68,1574321175.7641208,4760,0.024000000208616257
69,1574321176.4353244,4829,0.007000000216066837
70,1574321177.1106553,4898,0.06800000369548798
71,1574321177.7792664,4967,0.020999999716877937
72,1574321178.4853451,5036,12.0
73,1574321179.1522453,5105,0.0689999982714653
74,1574321179.8265243,5174,0.0689999982714653
75,1574321180.494978,5243,0.007000000216066837
76,1574321181.2191625,5312,0.035999998450279236
77,1574321181.8864045,5381,0.0689999982714653
78,1574321182.5590234,5450,0.0689999982714653
79,1574321183.2399898,5519,0.0689999982714653
80,1574321183.9544706,5588,0.012000000104308128
81,1574321184.6199477,5657,0.0689999982714653
82,1574321185.2934818,5726,0.0689999982714653
83,1574321185.9780877,5795,0.023000000044703484
84,1574321186.6995573,5864,0.004000000189989805
85,1574321187.3705668,5933,8.003000259399414
86,1574321188.0404856,6002,0.0689999982714653
87,1574321188.707973,6071,0.0689999982714653
88,1574321189.4391165,6140,0.0689999982714653
89,1574321190.1012177,6209,12.0
90,1574321190.7781966,6278,0.0689999982714653
91,1574321191.4712567,6347,0.012000000104308128
92,1574321192.1828103,6416,0.06800000369548798
93,1574321192.8575134,6485,0.0689999982714653
94,1574321193.5401843,6554,0.0689999982714653
95,1574321194.214846,6623,0.0689999982714653
96,1574321194.9346755,6692,0.06800000369548798
97,1574321195.6115534,6761,0.0689999982714653
98,1574321196.2913024,6830,0.0689999982714653
99,1574321196.947166,6899,0.0689999982714653
100,1574321197.6606646,6968,0.0689999982714653
101,1574321198.33827,7037,12.0
102,1574321199.0069406,7106,0.0689999982714653
103,1574321199.6877666,7175,0.0689999982714653
104,1574321200.4087343,7244,0.0689999982714653
105,1574321201.086998,7313,0.0689999982714653
106,1574321201.757053,7382,0.06800000369548798
107,1574321202.4325778,7451,0.06700000166893005
108,1574321203.1429353,7520,0.020999999716877937
109,1574321203.803625,7589,0.06800000369548798
110,1574321204.4714837,7658,0.0689999982714653
111,1574321205.1431844,7727,0.0689999982714653
112,1574321205.8656282,7796,0.0689999982714653
113,1574321206.5479999,7865,0.010999999940395355
114,1574321207.2251396,7934,0.0689999982714653
115,1574321207.8954933,8003,0.0689999982714653
116,1574321208.6109438,8072,0.0689999982714653
117,1574321209.2943006,8141,0.0689999982714653
118,1574321209.9729204,8210,0.0689999982714653
119,1574321210.6450152,8279,10.0
120,1574321211.3600073,8348,12.0
121,1574321212.0272062,8417,12.0
122,1574321212.708506,8486,12.0
123,1574321213.3689926,8555,0.0689999982714653
124,1574321214.0869658,8624,12.0
125,1574321214.7673736,8693,12.0
126,1574321215.4298468,8762,0.0689999982714653
127,1574321216.110854,8831,0.0689999982714653
128,1574321216.816445,8900,0.0689999982714653
129,1574321217.4899082,8969,0.0689999982714653
130,1574321218.1639056,9038,0.0689999982714653
131,1574321218.8394232,9107,0.0689999982714653
132,1574321219.5504348,9176,0.0689999982714653
133,1574321220.2060485,9245,0.0689999982714653
134,1574321220.8776522,9314,12.0
135,1574321221.5481296,9383,0.0689999982714653
136,1574321222.252596,9452,0.0689999982714653
137,1574321222.9398246,9521,0.0689999982714653
138,1574321223.610998,9590,0.0689999982714653
139,1574321224.2758503,9659,0.0689999982714653
140,1574321225.008518,9728,0.0689999982714653
141,1574321225.676766,9797,12.0
142,1574321226.3423498,9866,0.0689999982714653
143,1574321227.006417,9935,0.0689999982714653
144,1574321227.7093334,10004,0.06800000369548798
145,1574321228.3875968,10073,0.0689999982714653
146,1574321229.054371,10142,0.0689999982714653
147,1574321229.7212029,10211,12.0
148,1574321230.4345033,10280,0.0689999982714653
149,1574321231.10514,10349,0.0689999982714653
150,1574321231.7871203,10418,5.00600004196167
151,1574321232.4584167,10487,0.0689999982714653
152,1574321233.1831255,10556,0.0689999982714653
153,1574321233.8435805,10625,0.0689999982714653
154,1574321234.519073,10694,0.0689999982714653
155,1574321235.1994803,10763,0.0689999982714653
156,1574321235.9042232,10832,0.06800000369548798
157,1574321236.587505,10901,10.0
158,1574321237.2576632,10970,12.0
159,1574321237.9387634,11039,0.0689999982714653
160,1574321238.6557584,11108,0.0689999982714653
161,1574321239.3270493,11177,0.0689999982714653
162,1574321239.9928362,11246,0.0689999982714653
163,1574321240.6221528,11315,0.0689999982714653
164,1574321241.3428707,11384,0.0689999982714653
165,1574321242.0328538,11453,12.0
166,1574321242.7033284,11522,0.0689999982714653
167,1574321243.3694093,11591,12.0
168,1574321244.080041,11660,0.0689999982714653
169,1574321244.7594893,11729,0.0689999982714653
170,1574321245.4403076,11798,0.0689999982714653
171,1574321246.1151924,11867,12.0
172,1574321246.8162892,11936,0.0689999982714653
173,1574321247.4958477,12005,0.0689999982714653
174,1574321248.1638944,12074,0.0689999982714653
175,1574321248.832476,12143,0.0689999982714653
176,1574321249.5478406,12212,0.0689999982714653
177,1574321250.2325625,12281,0.0689999982714653
178,1574321250.9108264,12350,0.0689999982714653
179,1574321251.5711071,12419,0.0689999982714653
180,1574321252.2876472,12488,0.0689999982714653
181,1574321252.951407,12557,0.0689999982714653
182,1574321253.6165802,12626,0.0689999982714653
183,1574321254.2951193,12695,0.0689999982714653
184,1574321255.0076082,12764,0.0689999982714653
185,1574321255.68415,12833,0.0689999982714653
186,1574321256.349998,12902,0.0689999982714653
187,1574321257.014166,12971,0.0689999982714653
188,1574321257.7220936,13040,10.0
189,1574321258.397305,13109,0.0689999982714653
190,1574321259.0778556,13178,0.0689999982714653
191,1574321259.7437735,13247,0.0689999982714653
192,1574321260.4598172,13316,0.0689999982714653
193,1574321261.1487074,13385,0.0689999982714653
194,1574321261.8281677,13454,12.0
195,1574321262.513403,13523,0.0689999982714653
196,1574321263.2187517,13592,0.0689999982714653
197,1574321263.9106493,13661,0.0689999982714653
198,1574321264.582647,13730,0.0689999982714653
199,1574321265.265236,13799,12.0
200,1574321265.9848087,13868,0.0689999982714653
201,1574321266.667038,13937,0.0689999982714653
202,1574321267.34892,14006,0.0689999982714653
203,1574321268.0229764,14075,0.0689999982714653
204,1574321268.7291653,14144,12.0
205,1574321269.4114382,14213,0.0689999982714653
206,1574321270.078756,14282,0.0689999982714653
207,1574321270.7442498,14351,0.0689999982714653
208,1574321271.4517577,14420,0.0689999982714653
209,1574321272.1283462,14489,12.0
210,1574321272.8009632,14558,0.0689999982714653
211,1574321273.4664323,14627,0.0689999982714653
212,1574321274.169069,14696,12.0
213,1574321274.8329518,14765,12.0
214,1574321275.5096915,14834,0.0689999982714653
215,1574321276.1757252,14903,0.0689999982714653
216,1574321276.894457,14972,12.0
217,1574321277.573204,15041,0.0689999982714653
218,1574321278.2336714,15110,0.0689999982714653
219,1574321278.9032772,15179,0.0689999982714653
220,1574321279.6165185,15248,0.0689999982714653
221,1574321280.304378,15317,0.0689999982714653
222,1574321280.987164,15386,0.0689999982714653
223,1574321281.660124,15455,0.0689999982714653
224,1574321282.373505,15524,0.0689999982714653
225,1574321283.0428934,15593,0.06800000369548798
226,1574321283.7131588,15662,0.0689999982714653
227,1574321284.3804932,15731,0.0689999982714653
228,1574321285.1035855,15800,12.0
229,1574321285.7824132,15869,0.0689999982714653
230,1574321286.4361072,15938,0.0689999982714653
231,1574321287.1011784,16007,0.0689999982714653
232,1574321287.8287284,16076,0.0689999982714653
233,1574321288.4905186,16145,0.0689999982714653
234,1574321289.1581092,16214,0.0689999982714653
235,1574321289.8204958,16283,0.0689999982714653
236,1574321290.5258138,16352,12.0
237,1574321291.2034588,16421,0.0689999982714653
238,1574321291.870407,16490,0.0689999982714653
239,1574321292.5457768,16559,0.0689999982714653
240,1574321293.254414,16628,0.0689999982714653
241,1574321293.9251645,16697,0.0689999982714653
242,1574321294.6020184,16766,0.0689999982714653
243,1574321295.275234,16835,0.0689999982714653
244,1574321295.989866,16904,0.0689999982714653
245,1574321296.6764507,16973,0.0689999982714653
246,1574321297.3482544,17042,12.0
247,1574321298.0259078,17111,0.0689999982714653
248,1574321298.7297044,17180,0.0689999982714653
249,1574321299.4154747,17249,0.0689999982714653
250,1574321300.0946767,17318,12.0
251,1574321300.7661889,17387,0.0689999982714653
252,1574321301.494696,17456,0.0689999982714653
253,1574321302.168185,17525,0.0689999982714653
254,1574321302.8452876,17594,0.0689999982714653
255,1574321303.514034,17663,0.0689999982714653
256,1574321304.2322912,17732,0.0689999982714653
257,1574321304.9146662,17801,0.0689999982714653
258,1574321305.5904863,17870,12.0
259,1574321306.2551787,17939,0.0689999982714653
260,1574321306.9710608,18008,0.0689999982714653
261,1574321307.6440134,18077,0.0689999982714653
262,1574321308.3197088,18146,0.0689999982714653
263,1574321308.985918,18215,12.0
264,1574321309.69188,18284,0.0689999982714653
265,1574321310.3713908,18353,0.0689999982714653
266,1574321311.05549,18422,0.0689999982714653
267,1574321311.7343392,18491,0.0689999982714653
268,1574321312.4442592,18560,0.0689999982714653
269,1574321313.124625,18629,12.0
270,1574321313.7853308,18698,12.0
271,1574321314.452524,18767,0.0689999982714653
272,1574321315.1741483,18836,12.0
273,1574321315.8497038,18905,0.0689999982714653
274,1574321316.525596,18974,12.0
275,1574321317.2020547,19043,12.0
276,1574321317.920855,19112,0.0689999982714653
277,1574321318.6011865,19181,0.0689999982714653
278,1574321319.267487,19250,12.0
279,1574321319.9482257,19319,0.0689999982714653
280,1574321320.6646852,19388,0.0689999982714653
281,1574321321.3409617,19457,0.0689999982714653
282,1574321322.009988,19526,0.0689999982714653
283,1574321322.689529,19595,12.0
284,1574321323.4033444,19664,0.0689999982714653
285,1574321324.0709972,19733,0.0689999982714653
286,1574321324.7326474,19802,0.0689999982714653
287,1574321325.3965507,19871,12.0
288,1574321326.1176395,19940,0.06800000369548798
289,1574321326.801989,20009,12.0
290,1574321327.4726782,20078,0.0689999982714653
291,1574321328.1442635,20147,0.0689999982714653
292,1574321328.8561049,20216,0.0689999982714653
293,1574321329.517944,20285,12.0
294,1574321330.1869829,20354,12.0
295,1574321330.8579829,20423,12.0
296,1574321331.5762868,20492,12.0
297,1574321332.2515812,20561,0.0689999982714653
298,1574321332.9245017,20630,0.0689999982714653
299,1574321333.5989676,20699,12.0
300,1574321334.3093772,20768,0.06800000369548798
301,1574321334.9734287,20837,0.0689999982714653
302,1574321335.6548736,20906,0.0689999982714653
303,1574321336.3307931,20975,12.0
304,1574321337.040542,21044,12.0
305,1574321337.698854,21113,12.0
306,1574321338.3818955,21182,0.0689999982714653
307,1574321339.0526752,21251,0.0689999982714653
308,1574321339.761615,21320,0.012000000104308128
309,1574321340.412669,21389,0.0689999982714653
310,1574321341.0980587,21458,0.0689999982714653
311,1574321341.7736409,21527,0.0689999982714653
312,1574321342.4991596,21596,0.0689999982714653
313,1574321343.1635425,21665,0.0689999982714653
314,1574321343.8423061,21734,0.0689999982714653
315,1574321344.5372953,21803,12.0
316,1574321345.2370603,21872,12.0
317,1574321345.9170256,21941,12.0
318,1574321346.5802076,22010,0.0689999982714653
319,1574321347.2444334,22079,0.0689999982714653
320,1574321347.9617498,22148,0.06800000369548798
321,1574321348.640726,22217,0.0689999982714653
322,1574321349.3100507,22286,0.0689999982714653
323,1574321349.98964,22355,0.0689999982714653
324,1574321350.6931283,22424,0.0689999982714653
325,1574321351.3760865,22493,12.0
326,1574321352.0473835,22562,0.0689999982714653
327,1574321352.722511,22631,0.0689999982714653
328,1574321353.4307299,22700,12.0
329,1574321354.1033006,22769,0.0689999982714653
330,1574321354.7744226,22838,0.0689999982714653
331,1574321355.4380884,22907,12.0
332,1574321356.1512923,22976,0.0689999982714653
333,1574321356.829002,23045,0.0689999982714653
334,1574321357.5095015,23114,12.0
335,1574321358.1901073,23183,10.0
336,1574321358.9043813,23252,0.0689999982714653
337,1574321359.5765233,23321,0.0689999982714653
338,1574321360.2410254,23390,0.0689999982714653
339,1574321360.918262,23459,0.0689999982714653
340,1574321361.6405253,23528,0.0689999982714653
341,1574321362.3096664,23597,0.0689999982714653
342,1574321362.9791448,23666,0.0689999982714653
343,1574321363.6576934,23735,0.0689999982714653
344,1574321364.3687398,23804,0.06800000369548798
345,1574321365.0371213,23873,0.0689999982714653
346,1574321365.7067163,23942,0.0689999982714653
347,1574321366.3770142,24011,0.0689999982714653
348,1574321367.0962698,24080,0.0689999982714653
349,1574321367.7627447,24149,0.0689999982714653
350,1574321368.4371493,24218,0.0689999982714653
351,1574321369.1164107,24287,0.0689999982714653
352,1574321369.8382478,24356,12.0
353,1574321370.5148532,24425,0.0689999982714653
354,1574321371.177256,24494,0.0689999982714653
355,1574321371.8447688,24563,0.0689999982714653
356,1574321372.560735,24632,0.0689999982714653
357,1574321373.2348008,24701,0.06800000369548798
358,1574321373.914407,24770,12.0
359,1574321374.587849,24839,0.0689999982714653
360,1574321375.2889166,24908,0.0689999982714653
361,1574321375.9505343,24977,0.0689999982714653
362,1574321376.6179159,25046,12.0
363,1574321377.3013268,25115,12.0
364,1574321378.0097733,25184,0.0689999982714653
365,1574321378.698581,25253,12.0
366,1574321379.3724198,25322,0.0689999982714653
367,1574321380.0551884,25391,12.0
368,1574321380.7784474,25460,0.0689999982714653
369,1574321381.4597223,25529,0.0689999982714653
370,1574321382.1261811,25598,0.0689999982714653
371,1574321382.8124022,25667,12.0
372,1574321383.5228577,25736,0.0689999982714653
373,1574321384.1974435,25805,12.0
374,1574321384.8699796,25874,0.0689999982714653
375,1574321385.5435762,25943,12.0
376,1574321386.2644491,26012,0.0689999982714653
377,1574321386.9475,26081,0.0689999982714653
378,1574321387.6129193,26150,0.0689999982714653
379,1574321388.2809753,26219,12.0
380,1574321389.001427,26288,0.0689999982714653
381,1574321389.6715574,26357,12.0
382,1574321390.3464942,26426,0.0689999982714653
383,1574321391.0271647,26495,0.0689999982714653
384,1574321391.7484386,26564,0.0689999982714653
385,1574321392.4301019,26633,0.0689999982714653
386,1574321393.104974,26702,0.0689999982714653
387,1574321393.777173,26771,12.0
388,1574321394.4954236,26840,0.0689999982714653
389,1574321395.163094,26909,0.0689999982714653
390,1574321395.833908,26978,0.0689999982714653
391,1574321396.5075624,27047,0.0689999982714653
392,1574321397.2330499,27116,0.0689999982714653
393,1574321397.9163256,27185,12.0
394,1574321398.592588,27254,0.0689999982714653
395,1574321399.275106,27323,12.0
396,1574321399.9945705,27392,0.0689999982714653
397,1574321400.6564553,27461,0.0689999982714653
398,1574321401.3379736,27530,0.0689999982714653
399,1574321402.0100203,27599,12.0
400,1574321402.730734,27668,0.0689999982714653
401,1574321403.4192233,27737,0.0689999982714653
402,1574321404.0824044,27806,0.0689999982714653
403,1574321404.758833,27875,12.0
404,1574321405.4561734,27944,0.06800000369548798
405,1574321406.131986,28013,0.0689999982714653
406,1574321406.814692,28082,0.0689999982714653
407,1574321407.4929173,28151,0.0689999982714653
408,1574321408.1993506,28220,0.0689999982714653
409,1574321408.8759022,28289,0.0689999982714653
410,1574321409.5648615,28358,12.0
411,1574321410.2360406,28427,0.0689999982714653
412,1574321410.961011,28496,0.0689999982714653
413,1574321411.6289778,28565,0.0689999982714653
414,1574321412.2950008,28634,0.0689999982714653
415,1574321412.9814959,28703,0.0689999982714653
416,1574321413.6783335,28772,0.0689999982714653
417,1574321414.3527558,28841,0.06800000369548798
418,1574321415.027138,28910,0.0689999982714653
419,1574321415.7068577,28979,0.0689999982714653
420,1574321416.4272215,29048,0.0689999982714653
421,1574321417.0951636,29117,0.0689999982714653
422,1574321417.7726128,29186,0.0689999982714653
423,1574321418.4454288,29255,0.0689999982714653
424,1574321419.1617446,29324,3.007999897003174
425,1574321419.8404496,29393,0.0689999982714653
426,1574321420.5143344,29462,0.0689999982714653
427,1574321421.186973,29531,12.0
428,1574321421.895697,29600,0.0689999982714653
429,1574321422.5745978,29669,0.0689999982714653
430,1574321423.2580388,29738,0.0689999982714653
431,1574321423.9352214,29807,12.0
432,1574321424.6450279,29876,0.0689999982714653
433,1574321425.3281503,29945,0.0689999982714653
434,1574321426.0051942,30014,0.0689999982714653
435,1574321426.6784217,30083,0.0689999982714653
436,1574321427.3892617,30152,0.0689999982714653
437,1574321428.0576186,30221,0.0689999982714653
438,1574321428.7252321,30290,12.0
439,1574321429.39669,30359,0.0689999982714653
440,1574321430.1194987,30428,12.0
441,1574321430.799582,30497,0.0689999982714653
442,1574321431.4691143,30566,0.0689999982714653
443,1574321432.1390684,30635,0.0689999982714653
444,1574321432.8566039,30704,0.0689999982714653
445,1574321433.534464,30773,0.0689999982714653
446,1574321434.2132888,30842,0.0689999982714653
447,1574321434.873734,30911,0.0689999982714653
448,1574321435.5899928,30980,0.0689999982714653
449,1574321436.2665,31049,0.0689999982714653
450,1574321436.9346256,31118,0.0689999982714653
451,1574321437.614535,31187,0.0689999982714653
452,1574321438.3196251,31256,0.0689999982714653
453,1574321439.0032537,31325,0.0689999982714653
454,1574321439.675863,31394,0.0689999982714653
455,1574321440.3452795,31463,12.0
456,1574321441.072999,31532,0.0689999982714653
457,1574321441.7279778,31601,0.0689999982714653
458,1574321442.3910656,31670,0.0689999982714653
459,1574321443.0669286,31739,0.0689999982714653
460,1574321443.7885492,31808,0.0689999982714653
461,1574321444.4702847,31877,0.0689999982714653
462,1574321445.1516776,31946,0.0689999982714653
463,1574321445.8207467,32015,0.0689999982714653
464,1574321446.523785,32084,0.0689999982714653
465,1574321447.2094092,32153,0.0689999982714653
466,1574321447.893746,32222,0.0689999982714653
467,1574321448.567035,32291,0.0689999982714653
468,1574321449.2884557,32360,0.0689999982714653
469,1574321449.9564645,32429,0.0689999982714653
470,1574321450.6348252,32498,0.0689999982714653
471,1574321451.308701,32567,0.0689999982714653
472,1574321452.026987,32636,0.0689999982714653
473,1574321452.707715,32705,12.0
474,1574321453.383807,32774,0.0689999982714653
475,1574321454.0409923,32843,0.0689999982714653
476,1574321454.7384994,32912,0.0689999982714653
477,1574321455.4240963,32981,0.0689999982714653
478,1574321456.0911422,33050,0.0689999982714653
479,1574321456.7736819,33119,0.0689999982714653
480,1574321457.4669864,33188,0.0689999982714653
481,1574321458.1485744,33257,0.0689999982714653
482,1574321458.7818072,33326,0.0689999982714653
483,1574321459.4537055,33395,0.0689999982714653
484,1574321460.1746688,33464,0.06800000369548798
485,1574321460.8354685,33533,12.0
486,1574321461.5066354,33602,0.0689999982714653
487,1574321462.1760657,33671,0.020999999716877937
488,1574321462.9009416,33740,12.0
489,1574321463.5668101,33809,0.0689999982714653
490,1574321464.2416248,33878,0.0689999982714653
491,1574321464.9109755,33947,0.0689999982714653
492,1574321465.6307964,34016,0.0689999982714653
493,1574321466.2966871,34085,0.06800000369548798
494,1574321466.967379,34154,12.0
495,1574321467.6381063,34223,0.0689999982714653
496,1574321468.3562,34292,0.0689999982714653
497,1574321469.0395088,34361,12.0
498,1574321469.7143972,34430,0.02500000037252903
499,1574321470.3988688,34499,0.0689999982714653
500,1574321471.1281831,34568,0.0689999982714653
501,1574321471.8063133,34637,0.0689999982714653
502,1574321472.4799516,34706,0.0689999982714653
503,1574321473.15449,34775,12.0
504,1574321473.8849864,34844,0.0689999982714653
505,1574321474.546825,34913,0.0689999982714653
506,1574321475.2184763,34982,0.0689999982714653
507,1574321475.8977263,35051,0.0689999982714653
508,1574321476.6110706,35120,12.0
509,1574321477.2837043,35189,0.0689999982714653
510,1574321477.9444568,35258,0.0689999982714653
511,1574321478.6280608,35327,0.0689999982714653
512,1574321479.3451953,35396,0.0689999982714653
513,1574321480.010115,35465,0.0689999982714653
514,1574321480.6771343,35534,0.0689999982714653
515,1574321481.3378716,35603,0.0689999982714653
516,1574321482.0530972,35672,0.0689999982714653
517,1574321482.7405708,35741,0.0689999982714653
518,1574321483.4178615,35810,0.0689999982714653
519,1574321484.0925605,35879,0.0689999982714653
520,1574321484.803945,35948,0.0689999982714653
521,1574321485.4719212,36017,0.0689999982714653
522,1574321486.1474237,36086,0.0689999982714653
523,1574321486.8271027,36155,0.0689999982714653
524,1574321487.5367572,36224,0.0689999982714653
525,1574321488.2129483,36293,0.0689999982714653
526,1574321488.891163,36362,0.0689999982714653
527,1574321489.5660644,36431,0.0689999982714653
528,1574321490.2739923,36500,0.0689999982714653
529,1574321490.947443,36569,0.0689999982714653
530,1574321491.5979428,36638,0.0689999982714653
531,1574321492.2680736,36707,0.0689999982714653
532,1574321493.0014672,36776,0.0689999982714653
533,1574321493.6816947,36845,0.0689999982714653
534,1574321494.3527339,36914,0.0689999982714653
535,1574321495.0474844,36983,0.0689999982714653
536,1574321495.7569635,37052,0.0689999982714653
537,1574321496.4238484,37121,12.0
538,1574321497.1009624,37190,0.0689999982714653
539,1574321497.7756264,37259,0.0689999982714653
540,1574321498.4976435,37328,0.0689999982714653
541,1574321499.1661606,37397,12.0
542,1574321499.8301687,37466,0.0689999982714653
543,1574321500.5096684,37535,0.0689999982714653
544,1574321501.2085612,37604,0.0689999982714653
545,1574321501.8795207,37673,12.0
546,1574321502.559285,37742,12.0
547,1574321503.230486,37811,0.0689999982714653
548,1574321503.9503126,37880,0.0689999982714653
549,1574321504.6183393,37949,0.0689999982714653
550,1574321505.304306,38018,0.06800000369548798
551,1574321505.987859,38087,0.0689999982714653
552,1574321506.7132165,38156,0.0689999982714653
553,1574321507.3911004,38225,0.0689999982714653
554,1574321508.0620546,38294,0.0689999982714653
555,1574321508.7293363,38363,0.0689999982714653
556,1574321509.4435697,38432,0.0689999982714653
557,1574321510.1144533,38501,12.0
558,1574321510.7877412,38570,12.0
559,1574321511.4597988,38639,0.0689999982714653
560,1574321512.1702392,38708,0.0689999982714653
561,1574321512.851523,38777,12.0
562,1574321513.5161934,38846,0.0689999982714653
563,1574321514.1818466,38915,0.0689999982714653
564,1574321514.9019613,38984,0.0689999982714653
565,1574321515.5672376,39053,0.0689999982714653
566,1574321516.2432346,39122,0.0689999982714653
567,1574321516.921091,39191,0.0689999982714653
568,1574321517.6385396,39260,0.0689999982714653
569,1574321518.302231,39329,0.0689999982714653
570,1574321518.9776638,39398,0.0689999982714653
571,1574321519.6554723,39467,12.0
572,1574321520.344918,39536,0.0689999982714653
573,1574321521.0188358,39605,12.0
574,1574321521.7081313,39674,12.0
575,1574321522.3770654,39743,0.0689999982714653
576,1574321523.0966754,39812,0.0689999982714653
577,1574321523.762899,39881,0.0689999982714653
578,1574321524.4346848,39950,0.06800000369548798
579,1574321525.1073942,40019,0.0689999982714653
580,1574321525.8241475,40088,0.0689999982714653
581,1574321526.4854364,40157,0.0689999982714653
582,1574321527.1613588,40226,0.0689999982714653
583,1574321527.8388567,40295,0.06800000369548798
584,1574321528.545466,40364,0.0689999982714653
585,1574321529.2056243,40433,0.0689999982714653
586,1574321529.8799555,40502,0.0689999982714653
587,1574321530.5506818,40571,0.0689999982714653
588,1574321531.2778754,40640,0.0689999982714653
589,1574321531.9687,40709,0.0689999982714653
590,1574321532.638745,40778,0.0689999982714653
591,1574321533.2957325,40847,0.0689999982714653
592,1574321534.018108,40916,0.0689999982714653
593,1574321534.685791,40985,12.0
594,1574321535.3690767,41054,0.0689999982714653
595,1574321536.0434458,41123,0.0689999982714653
596,1574321536.751574,41192,0.0689999982714653
597,1574321537.432637,41261,0.0689999982714653
598,1574321538.1013942,41330,0.0689999982714653
599,1574321538.7675319,41399,12.0
600,1574321539.4784498,41468,0.0689999982714653
601,1574321540.148606,41537,0.0689999982714653
602,1574321540.8273795,41606,12.0
603,1574321541.4939342,41675,0.0689999982714653
604,1574321542.1975946,41744,0.0689999982714653
605,1574321542.8767517,41813,0.0689999982714653
606,1574321543.5526767,41882,0.0689999982714653
607,1574321544.2245524,41951,0.0689999982714653
608,1574321544.9252324,42020,0.0689999982714653
609,1574321545.601725,42089,0.0689999982714653
610,1574321546.273993,42158,0.06800000369548798
611,1574321546.9463472,42227,0.0689999982714653
612,1574321547.6734848,42296,0.0689999982714653
613,1574321548.351986,42365,0.0689999982714653
614,1574321549.0147216,42434,0.0689999982714653
615,1574321549.691913,42503,0.0689999982714653
616,1574321550.400043,42572,0.0689999982714653
617,1574321551.0793211,42641,0.0689999982714653
618,1574321551.7379076,42710,0.0689999982714653
619,1574321552.4097307,42779,0.0689999982714653
620,1574321553.1225426,42848,0.0689999982714653
621,1574321553.7843292,42917,0.0689999982714653
622,1574321554.4661603,42986,0.0689999982714653
623,1574321555.1443875,43055,8.0
624,1574321555.842929,43124,0.0689999982714653
625,1574321556.5169225,43193,0.0689999982714653
626,1574321557.179803,43262,12.0
627,1574321557.8446374,43331,0.0689999982714653
628,1574321558.5634112,43400,0.0689999982714653
629,1574321559.2395606,43469,0.0689999982714653
630,1574321559.917886,43538,0.0689999982714653
631,1574321560.5806956,43607,0.0689999982714653
632,1574321561.301292,138000,12.0
